               epoch,      train/box_loss,      train/obj_loss,      train/cls_loss,   metrics/precision,      metrics/recall,     metrics/mAP_0.5,metrics/mAP_0.5:0.95,        val/box_loss,        val/obj_loss,        val/cls_loss,               x/lr0,               x/lr1,               x/lr2
                   0,            0.046176,            0.062614,            0.019079,              0.6468,               0.666,             0.71161,             0.46563,            0.041019,            0.037051,           0.0098755,               7e-05,               7e-05,             0.09937
                   1,            0.045033,            0.070298,            0.017922,             0.71767,              0.6499,             0.72734,             0.47558,            0.040755,            0.036846,           0.0095275,           0.0001495,           0.0001495,             0.09865
                   2,            0.045517,            0.066061,            0.017601,             0.71328,             0.65422,             0.72604,             0.47498,            0.040539,            0.036593,           0.0092231,          0.00022848,          0.00022848,            0.097928
                   3,            0.045512,            0.062148,            0.016903,             0.72455,             0.65754,             0.73105,             0.48017,            0.040268,             0.03642,           0.0089074,          0.00030693,          0.00030693,            0.097207
                   4,            0.045641,            0.066217,            0.016502,             0.82587,             0.60592,             0.73614,             0.48854,            0.040015,            0.036274,           0.0085609,          0.00038485,          0.00038485,            0.096485
                   5,            0.045336,            0.070149,              0.0161,             0.71296,             0.68338,             0.74093,             0.49179,            0.039789,            0.036178,           0.0082809,          0.00046225,          0.00046225,            0.095762
                   6,            0.043415,            0.058785,            0.017155,              0.7431,             0.67205,             0.74762,              0.4998,            0.039635,            0.035952,           0.0080325,          0.00053911,          0.00053911,            0.095039
                   7,            0.044288,            0.061142,            0.014662,             0.75151,             0.67361,             0.75984,             0.50504,            0.039537,             0.03562,           0.0078647,          0.00061545,          0.00061545,            0.094315
                   8,            0.042705,            0.061808,            0.015863,              0.7532,             0.67677,              0.7627,             0.51218,            0.039315,            0.035336,            0.007632,          0.00069126,          0.00069126,            0.093591
                   9,             0.04258,            0.057695,             0.01435,             0.77196,             0.69076,             0.76669,             0.50917,            0.039072,            0.035089,           0.0073754,          0.00076654,          0.00076654,            0.092867
                  10,            0.042925,            0.059837,            0.013936,             0.80941,             0.67482,             0.76973,             0.51108,            0.038799,            0.034675,           0.0071826,          0.00084129,          0.00084129,            0.092141
                  11,            0.041893,            0.059236,            0.012455,             0.82516,             0.68255,              0.7768,             0.52291,            0.038613,            0.034277,           0.0069568,          0.00091551,          0.00091551,            0.091416
                  12,            0.042312,            0.056336,            0.013488,             0.77354,               0.723,             0.78937,             0.52832,            0.038469,             0.03398,           0.0067839,          0.00098921,          0.00098921,            0.090689
                  13,            0.043791,            0.063563,            0.014165,             0.79164,             0.73429,             0.79615,             0.53313,            0.038302,            0.033692,           0.0065381,           0.0010624,           0.0010624,            0.089962
                  14,            0.042899,            0.059032,            0.012607,              0.7902,             0.74102,             0.80092,             0.54064,            0.037928,            0.033268,           0.0063879,            0.001135,            0.001135,            0.089235
                  15,            0.041929,            0.058133,            0.012501,             0.79665,             0.74263,             0.80521,             0.54238,            0.037705,            0.032917,           0.0062067,           0.0012071,           0.0012071,            0.088507
                  16,            0.041322,             0.05234,             0.01284,             0.84653,             0.71017,             0.81118,             0.54507,            0.037746,            0.032589,           0.0060722,           0.0012787,           0.0012787,            0.087779
                  17,            0.042524,            0.061117,            0.012996,             0.85233,             0.71032,             0.81322,             0.55219,            0.037985,            0.032542,           0.0058595,           0.0013498,           0.0013498,             0.08705
                  18,            0.042336,             0.06393,             0.01239,             0.83163,              0.7414,             0.81755,             0.55888,            0.037217,            0.032245,           0.0056942,           0.0014203,           0.0014203,             0.08632
                  19,            0.041647,            0.060114,            0.011664,              0.8221,             0.75064,             0.82168,             0.56723,            0.036944,            0.031984,           0.0055161,           0.0014903,           0.0014903,             0.08559
                  20,            0.042359,            0.054546,            0.011803,             0.82359,             0.76073,             0.82398,             0.57207,              0.0369,            0.031358,           0.0053767,           0.0015598,           0.0015598,             0.08486
                  21,            0.041059,            0.056074,            0.010573,             0.84408,              0.7506,             0.82952,             0.56595,            0.037212,            0.030976,           0.0052537,           0.0016287,           0.0016287,            0.084129
                  22,            0.041068,            0.055365,             0.01123,              0.8218,             0.76601,             0.83288,             0.56744,             0.03696,            0.030672,           0.0050889,           0.0016971,           0.0016971,            0.083397
                  23,            0.040738,            0.055956,            0.011601,             0.84261,             0.76282,             0.83338,             0.57657,            0.036906,            0.030474,           0.0050084,            0.001765,            0.001765,            0.082665
                  24,            0.040299,             0.05337,            0.011052,             0.86595,             0.75697,             0.83524,             0.57509,            0.036892,            0.030318,           0.0050064,           0.0018324,           0.0018324,            0.081932
                  25,            0.041941,            0.053494,            0.010012,             0.85814,              0.7575,             0.84117,             0.57669,            0.036886,             0.03013,           0.0047632,           0.0018992,           0.0018992,            0.081199
                  26,            0.041558,            0.057695,           0.0096801,             0.86018,             0.75579,             0.84211,             0.58181,              0.0369,            0.029906,           0.0045972,           0.0019655,           0.0019655,            0.080466
                  27,            0.039788,            0.048494,            0.010262,             0.87224,             0.74783,             0.84817,             0.59248,              0.0359,             0.02955,           0.0045477,           0.0020313,           0.0020313,            0.079731
                  28,            0.042695,            0.053369,            0.010587,              0.8583,             0.77489,             0.85248,             0.59266,            0.035975,             0.02955,            0.004411,           0.0020966,           0.0020966,            0.078997
                  29,            0.040078,            0.052755,           0.0096119,             0.84693,             0.79136,             0.85517,             0.59107,            0.036437,            0.029681,            0.004321,           0.0021613,           0.0021613,            0.078261
                  30,            0.041375,            0.052479,           0.0088794,             0.85607,             0.78142,             0.85091,             0.58716,            0.036441,            0.029451,           0.0042525,           0.0022255,           0.0022255,            0.077525
                  31,            0.040253,            0.055016,           0.0098545,             0.85518,             0.78262,             0.85213,             0.59453,            0.035698,            0.029286,           0.0041434,           0.0022891,           0.0022891,            0.076789
                  32,            0.042064,            0.053071,           0.0096472,               0.864,             0.79327,             0.85614,             0.58315,            0.036203,            0.029076,           0.0041031,           0.0023523,           0.0023523,            0.076052
                  33,            0.041915,            0.053788,           0.0098655,             0.88606,             0.78032,             0.85605,              0.5915,            0.035702,            0.028636,           0.0040405,           0.0024149,           0.0024149,            0.075315
                  34,            0.037793,            0.046933,            0.008963,              0.9013,             0.78149,             0.85861,             0.59065,            0.036415,            0.028524,           0.0039565,            0.002477,            0.002477,            0.074577
                  35,            0.038699,             0.05023,           0.0092628,             0.90133,             0.77683,              0.8604,             0.60214,            0.035798,            0.027968,           0.0039711,           0.0025385,           0.0025385,            0.073839
                  36,            0.039627,            0.051165,           0.0085987,             0.86676,             0.80138,             0.86682,             0.60698,            0.035439,            0.027823,           0.0039386,           0.0025995,           0.0025995,              0.0731
                  37,            0.038589,            0.045951,           0.0093953,             0.89838,              0.7769,             0.86748,              0.6044,            0.035454,            0.027793,           0.0038821,             0.00266,             0.00266,             0.07236
                  38,            0.039585,            0.046761,           0.0084676,             0.90844,             0.79255,             0.87266,             0.61378,            0.034767,            0.027279,           0.0037248,             0.00272,             0.00272,             0.07162
                  39,            0.039572,             0.04501,           0.0080659,             0.89572,             0.78388,             0.87193,             0.61518,            0.035311,            0.027213,           0.0036738,           0.0027794,           0.0027794,            0.070879
                  40,            0.041494,            0.053323,           0.0089041,              0.8909,             0.80185,             0.87708,             0.62245,            0.034929,            0.027396,            0.003706,           0.0028384,           0.0028384,            0.070138
                  41,             0.03893,            0.045348,           0.0076293,             0.89587,             0.78816,             0.86995,             0.62077,            0.035012,            0.027186,           0.0037085,           0.0028967,           0.0028967,            0.069397
                  42,            0.038894,            0.046423,           0.0088489,             0.91282,             0.77859,             0.87246,             0.61333,            0.035496,            0.026914,            0.003661,           0.0029546,           0.0029546,            0.068655
                  43,            0.040336,             0.04637,           0.0078927,             0.88644,             0.79533,             0.87003,             0.60499,            0.036692,            0.026886,           0.0036865,           0.0030119,           0.0030119,            0.067912
                  44,            0.038025,            0.049487,           0.0080223,             0.86649,             0.81229,             0.87079,             0.61695,            0.035751,            0.026809,           0.0036769,           0.0030687,           0.0030687,            0.067169
                  45,            0.037535,            0.048678,           0.0077807,             0.87574,             0.80877,             0.87089,             0.62178,            0.034699,            0.026775,           0.0036496,            0.003125,            0.003125,            0.066425
                  46,            0.039048,            0.051669,           0.0086622,                 0.9,             0.79568,             0.87942,             0.62933,            0.034295,            0.026506,           0.0035625,           0.0031808,           0.0031808,            0.065681
                  47,            0.039421,            0.047664,           0.0087482,             0.89016,             0.82138,             0.88285,               0.622,            0.034451,            0.026493,           0.0035103,            0.003236,            0.003236,            0.064936
                  48,            0.037679,            0.044217,            0.007815,             0.87799,             0.82095,             0.88319,             0.62591,             0.03519,            0.026307,           0.0035462,           0.0032907,           0.0032907,            0.064191
                  49,            0.038332,            0.049806,            0.007998,             0.86532,             0.83007,             0.88161,             0.62187,            0.035267,            0.026103,           0.0034267,           0.0033448,           0.0033448,            0.063445
                  50,            0.038658,            0.046979,           0.0073663,             0.88121,             0.81264,               0.883,             0.61059,            0.035483,            0.025973,           0.0033677,           0.0033985,           0.0033985,            0.062698
                  51,            0.040682,            0.050397,           0.0077116,             0.89723,             0.82396,             0.89159,             0.63718,            0.034126,            0.025602,           0.0032943,           0.0034516,           0.0034516,            0.061952
                  52,            0.038337,            0.047547,            0.006871,             0.89036,             0.82855,             0.89183,             0.63774,            0.033922,            0.025287,           0.0032432,           0.0035041,           0.0035041,            0.061204
                  53,            0.038643,            0.047963,           0.0072609,             0.88589,             0.83362,             0.89369,             0.63446,            0.033958,             0.02491,           0.0032234,           0.0035562,           0.0035562,            0.060456
                  54,            0.037845,            0.045645,           0.0070489,             0.91276,             0.80415,             0.89588,             0.63582,            0.035934,            0.024828,           0.0032371,           0.0036077,           0.0036077,            0.059708
                  55,            0.038402,            0.044959,           0.0074322,             0.92079,             0.80078,             0.89383,             0.64778,            0.033547,            0.024708,           0.0032349,           0.0036587,           0.0036587,            0.058959
                  56,            0.038208,            0.045774,           0.0077857,             0.89605,             0.82159,             0.89602,             0.65219,            0.033706,            0.024747,           0.0031942,           0.0037092,           0.0037092,            0.058209
                  57,            0.036363,            0.048589,           0.0069918,             0.87167,             0.83901,             0.89707,             0.64834,            0.033365,            0.024486,            0.003143,           0.0037591,           0.0037591,            0.057459
                  58,            0.038213,            0.043639,           0.0074933,             0.87338,             0.82584,             0.89519,             0.65057,             0.03348,            0.024775,           0.0032043,           0.0038085,           0.0038085,            0.056709
                  59,            0.039211,            0.046767,           0.0069874,             0.85495,             0.82062,             0.89239,             0.64004,            0.034425,            0.024432,           0.0031679,           0.0038574,           0.0038574,            0.055957
                  60,            0.038249,            0.042637,           0.0076904,             0.88861,             0.82177,             0.88911,             0.64414,            0.033148,            0.024784,           0.0031217,           0.0039057,           0.0039057,            0.055206
                  61,            0.037064,            0.044893,           0.0067042,             0.89848,             0.81967,              0.8938,             0.62849,            0.033904,            0.024845,           0.0030891,           0.0039536,           0.0039536,            0.054454
                  62,             0.03815,            0.049506,            0.006746,             0.84973,             0.82743,             0.88442,             0.61646,             0.03614,            0.024722,           0.0031203,           0.0040009,           0.0040009,            0.053701
                  63,            0.042315,            0.045188,           0.0064658,              0.8595,             0.82104,             0.88461,             0.59817,            0.036755,            0.024754,           0.0031395,           0.0040476,           0.0040476,            0.052948
                  64,            0.043102,            0.046223,           0.0076769,             0.90245,             0.82822,             0.90237,             0.64178,             0.03473,            0.024532,           0.0031336,           0.0040939,           0.0040939,            0.052194
                  65,            0.037565,            0.046803,           0.0073139,             0.88515,             0.84801,             0.89826,             0.64645,            0.033281,            0.024314,           0.0031937,           0.0041396,           0.0041396,             0.05144
                  66,            0.037582,            0.045578,           0.0071555,             0.90972,             0.83934,             0.89995,             0.64161,            0.033767,            0.024276,           0.0032747,           0.0041848,           0.0041848,            0.050685
                  67,            0.038554,            0.049697,           0.0074852,             0.88268,             0.85786,             0.90171,             0.64468,            0.033798,            0.024452,           0.0033031,           0.0042294,           0.0042294,            0.049929
                  68,            0.037184,            0.043779,           0.0076643,             0.87298,             0.84912,             0.91089,             0.65941,            0.033957,            0.024089,           0.0033043,           0.0042736,           0.0042736,            0.049174
                  69,            0.041737,            0.048376,           0.0072161,             0.87953,             0.84682,             0.90707,             0.63845,            0.034652,            0.024514,           0.0033221,           0.0043172,           0.0043172,            0.048417
                  70,            0.040697,            0.044858,           0.0074288,             0.86648,             0.85468,             0.90598,             0.61807,            0.034267,            0.024331,           0.0032335,           0.0043602,           0.0043602,             0.04766
                  71,            0.038002,            0.045904,           0.0079991,             0.88695,             0.84424,             0.91077,              0.6515,            0.032737,            0.023865,           0.0032359,           0.0044028,           0.0044028,            0.046903
                  72,            0.036282,            0.040922,            0.006413,              0.9052,             0.82866,             0.90107,             0.65677,            0.032525,            0.023562,           0.0032318,           0.0044448,           0.0044448,            0.046145
                  73,            0.038652,             0.04126,           0.0078262,             0.91787,             0.83045,             0.90893,             0.65182,             0.03301,            0.023593,           0.0033183,           0.0044863,           0.0044863,            0.045386
                  74,            0.038287,            0.047133,           0.0069378,             0.90618,             0.83763,             0.90572,             0.64815,            0.033639,            0.023473,           0.0032909,           0.0045272,           0.0045272,            0.044627
                  75,            0.039724,             0.04389,           0.0068978,             0.92207,             0.82419,             0.90098,             0.59382,            0.036561,            0.023892,           0.0033166,           0.0045677,           0.0045677,            0.043868
                  76,             0.04145,             0.04141,            0.006648,             0.91212,             0.84363,             0.91266,             0.62225,             0.03522,            0.024035,           0.0034958,           0.0046076,           0.0046076,            0.043108
                  77,            0.039045,            0.042921,           0.0070169,             0.83733,             0.89201,             0.91445,             0.65407,            0.032463,            0.023586,           0.0034204,            0.004647,            0.004647,            0.042347
                  78,            0.037634,            0.043944,           0.0070446,             0.88801,             0.86156,             0.91766,             0.65755,             0.03217,            0.023487,           0.0032998,           0.0046858,           0.0046858,            0.041586
                  79,             0.03837,            0.045264,           0.0065795,             0.89514,             0.84983,             0.91369,             0.62487,            0.035657,            0.024094,           0.0032294,           0.0047241,           0.0047241,            0.040824
                  80,            0.037663,            0.046771,           0.0064632,             0.92341,             0.85725,             0.92162,             0.66064,            0.032337,             0.02357,           0.0032043,           0.0047619,           0.0047619,            0.040062
                  81,            0.038009,            0.044765,           0.0070141,             0.91029,             0.85538,              0.9162,             0.65173,            0.032021,            0.023627,           0.0032243,           0.0047992,           0.0047992,            0.039299
                  82,            0.036972,             0.04024,           0.0063752,             0.86378,             0.86964,             0.91573,             0.62618,            0.033578,            0.022992,           0.0031892,           0.0048359,           0.0048359,            0.038536
                  83,            0.037992,            0.042608,            0.007214,             0.89777,             0.83728,             0.90526,             0.62397,            0.034451,            0.023374,           0.0032177,           0.0048721,           0.0048721,            0.037772
                  84,              0.0393,            0.040774,           0.0063596,             0.88665,             0.86257,             0.91423,             0.63859,            0.032864,            0.023226,           0.0033355,           0.0049078,           0.0049078,            0.037008
                  85,            0.040031,            0.045107,           0.0070748,             0.92112,             0.85468,             0.91549,             0.64761,            0.033503,             0.02327,           0.0033778,            0.004943,            0.004943,            0.036243
                  86,            0.038353,            0.040318,           0.0066664,             0.91947,             0.84099,             0.91132,              0.6523,            0.033678,            0.022917,           0.0034073,           0.0049776,           0.0049776,            0.035478
                  87,            0.037403,             0.04269,           0.0073973,             0.93894,             0.84381,             0.92302,             0.65355,             0.03337,            0.022726,           0.0034172,           0.0050117,           0.0050117,            0.034712
                  88,            0.039576,            0.043349,           0.0071567,             0.92531,             0.84734,             0.92566,              0.6306,             0.03565,            0.023137,           0.0034941,           0.0050453,           0.0050453,            0.033945
                  89,            0.036719,            0.042463,           0.0069471,             0.89349,             0.85434,             0.91694,             0.66707,            0.031455,            0.022728,           0.0034459,           0.0050783,           0.0050783,            0.033178
                  90,            0.036842,            0.041012,           0.0069757,             0.89396,             0.86656,             0.92079,             0.66668,            0.031345,            0.022875,           0.0033256,           0.0051108,           0.0051108,            0.032411
                  91,            0.037345,            0.040838,           0.0067883,             0.90241,             0.85134,             0.91879,             0.64456,            0.033124,             0.02317,           0.0033123,           0.0051428,           0.0051428,            0.031643
                  92,            0.037363,             0.04107,           0.0065047,             0.92527,             0.83898,             0.91824,              0.6562,            0.032184,            0.023809,            0.003274,           0.0051743,           0.0051743,            0.030874
                  93,            0.039225,            0.043248,           0.0061935,             0.92797,             0.83984,             0.92371,             0.63075,            0.033896,            0.022924,           0.0031812,           0.0052052,           0.0052052,            0.030105
                  94,            0.041195,            0.044359,           0.0059606,              0.9098,             0.84441,             0.92137,              0.6301,            0.035306,             0.02311,           0.0032872,           0.0052356,           0.0052356,            0.029336
                  95,            0.039802,            0.044003,              0.0058,             0.90603,             0.85508,             0.92448,             0.64296,            0.032436,             0.02282,           0.0033786,           0.0052655,           0.0052655,            0.028565
                  96,            0.037567,            0.046639,           0.0067671,             0.88834,              0.8758,             0.93115,             0.64501,            0.032576,            0.022956,           0.0033746,           0.0052948,           0.0052948,            0.027795
                  97,              0.0369,            0.038007,           0.0069659,             0.90654,              0.8543,             0.92476,             0.65126,            0.032153,            0.022859,           0.0033759,           0.0053236,           0.0053236,            0.027024
                  98,            0.035365,            0.043125,           0.0068071,             0.90706,             0.86251,             0.92748,             0.67042,             0.03137,            0.022893,           0.0032868,           0.0053519,           0.0053519,            0.026252
                  99,            0.035946,            0.042509,           0.0061669,              0.9256,             0.84978,             0.92735,             0.67027,            0.032035,            0.022656,           0.0032344,           0.0053797,           0.0053797,             0.02548
                 100,            0.037438,            0.043131,           0.0067068,             0.91541,             0.85448,             0.92374,             0.64336,            0.033312,            0.022803,           0.0032367,           0.0054069,           0.0054069,            0.024707
                 101,            0.038119,            0.042928,           0.0071903,             0.90369,             0.84805,             0.92246,             0.63795,            0.033125,            0.023016,           0.0032216,           0.0054336,           0.0054336,            0.023934
                 102,            0.037678,            0.046792,           0.0066328,             0.90301,             0.86573,             0.92508,             0.65155,            0.032105,            0.022805,           0.0032396,           0.0054598,           0.0054598,             0.02316
                 103,            0.035688,             0.04161,           0.0062294,             0.91202,             0.85699,             0.92338,               0.668,             0.03171,            0.022693,           0.0032633,           0.0054854,           0.0054854,            0.022385
                 104,            0.036461,            0.042721,           0.0070776,             0.90731,             0.84608,             0.92207,             0.66557,            0.031136,            0.022491,           0.0032191,           0.0055106,           0.0055106,            0.021611
                 105,            0.037748,            0.045465,           0.0067731,             0.91868,             0.84671,             0.92344,             0.66493,            0.032005,            0.022725,           0.0032431,           0.0055351,           0.0055351,            0.020835
                 106,            0.037151,            0.043048,           0.0062309,             0.91771,             0.85453,             0.92672,             0.65605,            0.032316,             0.02275,           0.0031835,           0.0055592,           0.0055592,            0.020059
                 107,            0.036436,            0.043329,           0.0059122,             0.91026,             0.85584,             0.92157,             0.66729,            0.031502,            0.022643,           0.0031202,           0.0055827,           0.0055827,            0.019283
                 108,             0.03506,            0.038248,            0.006275,             0.87775,             0.86185,             0.91555,             0.65067,            0.032254,            0.022589,           0.0030916,           0.0056058,           0.0056058,            0.018506
                 109,            0.038633,            0.042282,           0.0063565,             0.79753,             0.85913,             0.89569,             0.63759,              0.0345,            0.022434,           0.0030975,           0.0056282,           0.0056282,            0.017728
                 110,            0.039108,            0.043652,           0.0063349,             0.83498,              0.8644,             0.90247,             0.65097,            0.033594,            0.022244,           0.0032312,           0.0056502,           0.0056502,             0.01695
                 111,             0.03926,             0.04168,           0.0066923,             0.86251,             0.85047,             0.91221,             0.65167,            0.033886,            0.022335,           0.0032716,           0.0056716,           0.0056716,            0.016172
                 112,             0.03872,            0.040165,           0.0064159,             0.89249,             0.84595,             0.91194,             0.64309,             0.03368,            0.022482,           0.0032835,           0.0056925,           0.0056925,            0.015393
                 113,            0.039211,            0.045549,           0.0059641,             0.91305,             0.83405,             0.92485,             0.65119,            0.032261,            0.022151,           0.0033198,           0.0057129,           0.0057129,            0.014613
                 114,            0.035777,            0.039062,           0.0064703,             0.90731,             0.85264,             0.92529,             0.66057,            0.032026,            0.021917,           0.0032956,           0.0057327,           0.0057327,            0.013833
                 115,            0.036718,              0.0455,           0.0062541,             0.89965,             0.87243,             0.92709,             0.65894,            0.031005,            0.021731,           0.0033231,            0.005752,            0.005752,            0.013052
                 116,            0.037105,             0.03986,            0.007003,             0.91622,             0.85652,             0.92757,             0.65928,            0.031588,            0.021611,           0.0032314,           0.0057708,           0.0057708,            0.012271
                 117,            0.037592,            0.042741,            0.006086,             0.92833,             0.86108,             0.93612,              0.6623,            0.031837,            0.021928,            0.003248,           0.0057891,           0.0057891,            0.011489
                 118,            0.038047,            0.040769,           0.0058411,              0.9072,              0.8713,              0.9319,              0.6171,            0.033664,            0.022462,           0.0032728,           0.0058068,           0.0058068,            0.010707
                 119,            0.035572,            0.042179,           0.0062864,             0.90489,             0.87365,             0.94406,             0.65862,            0.031495,            0.022176,           0.0033059,            0.005824,            0.005824,            0.009924
                 120,            0.037042,             0.04418,           0.0062351,             0.90521,             0.86502,             0.92778,             0.65318,            0.031162,            0.022125,           0.0032916,           0.0058407,           0.0058407,           0.0091407
                 121,             0.03912,             0.04544,           0.0068599,              0.8929,             0.86929,             0.92461,              0.6459,            0.033961,             0.02233,           0.0032251,           0.0058568,           0.0058568,           0.0083568
                 122,            0.039006,            0.044451,            0.006017,             0.89682,             0.87382,             0.92967,             0.66281,            0.032366,            0.022118,           0.0032339,           0.0058724,           0.0058724,           0.0075724
                 123,            0.038563,            0.042066,           0.0061147,             0.88307,             0.88631,             0.93744,              0.6708,            0.031747,             0.02199,           0.0032608,           0.0058875,           0.0058875,           0.0067875
                 124,            0.036952,            0.038219,           0.0067223,             0.89995,             0.86436,              0.9332,             0.65586,            0.031357,            0.021847,           0.0032969,           0.0059021,           0.0059021,           0.0060021
                 125,            0.037088,            0.048672,           0.0059935,             0.90124,             0.87541,             0.93539,             0.65683,            0.030768,            0.021779,           0.0033422,            0.005875,            0.005875,            0.005875
                 126,             0.03558,            0.037434,           0.0068436,             0.87961,             0.87951,             0.93569,             0.64997,              0.0315,            0.021845,           0.0033181,            0.005875,            0.005875,            0.005875
                 127,             0.03621,            0.038645,           0.0059763,             0.90893,             0.86118,             0.93304,             0.65203,            0.031353,             0.02185,           0.0032941,            0.005842,            0.005842,            0.005842
                 128,             0.03749,            0.043631,           0.0061734,             0.86794,             0.88346,             0.93013,             0.63388,            0.033928,            0.022282,           0.0032779,            0.005809,            0.005809,            0.005809
                 129,            0.037591,            0.045094,            0.005689,             0.91154,             0.85873,             0.93296,             0.65812,            0.031566,            0.021943,           0.0032799,            0.005776,            0.005776,            0.005776
                 130,            0.036379,            0.040363,            0.006804,             0.91675,             0.85471,              0.9309,             0.64671,            0.033013,            0.022657,           0.0032921,            0.005743,            0.005743,            0.005743
                 131,             0.03717,            0.042929,           0.0063585,              0.9236,             0.85508,             0.93882,             0.63583,            0.033801,            0.022435,           0.0033145,             0.00571,             0.00571,             0.00571
                 132,            0.036653,            0.038647,           0.0057506,             0.90949,             0.87351,             0.93004,             0.65609,            0.032093,            0.022264,             0.00339,            0.005677,            0.005677,            0.005677
                 133,            0.036491,            0.039991,           0.0064582,             0.88656,             0.87904,             0.92627,             0.64573,            0.032084,            0.022068,           0.0034197,            0.005644,            0.005644,            0.005644
                 134,             0.03593,            0.045783,           0.0065457,              0.8669,             0.90702,             0.94227,             0.67623,            0.030734,            0.021952,            0.003367,            0.005611,            0.005611,            0.005611
                 135,            0.036449,            0.040997,           0.0061777,             0.91078,              0.8608,             0.94143,             0.67759,            0.030193,            0.021924,           0.0032884,            0.005578,            0.005578,            0.005578
                 136,            0.035955,            0.044268,           0.0057405,             0.91053,             0.86381,             0.94212,             0.66279,            0.031192,            0.022089,           0.0031919,            0.005545,            0.005545,            0.005545
                 137,            0.036874,            0.038631,           0.0063073,             0.86733,             0.88463,             0.94218,             0.65431,            0.032794,            0.022354,           0.0031261,            0.005512,            0.005512,            0.005512
                 138,            0.037453,            0.041616,           0.0065505,             0.93579,             0.83766,             0.93251,             0.65804,            0.031664,            0.022218,           0.0030842,            0.005479,            0.005479,            0.005479
                 139,             0.03519,            0.036662,           0.0062138,             0.90179,             0.88012,             0.93919,             0.64711,            0.033176,            0.022597,           0.0030565,            0.005446,            0.005446,            0.005446
                 140,            0.037699,            0.041128,           0.0055526,             0.91978,             0.86857,             0.93486,             0.65792,            0.031145,            0.022692,            0.003105,            0.005413,            0.005413,            0.005413
                 141,            0.036233,             0.03822,            0.006134,             0.89931,             0.86786,             0.92832,             0.65387,            0.032799,            0.023027,           0.0031047,             0.00538,             0.00538,             0.00538
                 142,            0.037308,            0.038948,           0.0061301,             0.91654,             0.86457,             0.92744,             0.67315,            0.031272,            0.022889,           0.0031342,            0.005347,            0.005347,            0.005347
                 143,            0.036536,            0.040006,           0.0061689,             0.90434,             0.86235,             0.92672,             0.66144,            0.031156,            0.022492,           0.0031125,            0.005314,            0.005314,            0.005314
                 144,            0.036551,            0.044187,            0.005952,             0.92592,               0.868,             0.94461,             0.67139,            0.031264,            0.022343,            0.003075,            0.005281,            0.005281,            0.005281
                 145,            0.035425,            0.040933,           0.0058771,             0.93925,             0.85282,             0.93324,             0.67054,            0.030923,            0.022136,           0.0030566,            0.005248,            0.005248,            0.005248
                 146,             0.03573,            0.037643,           0.0061484,             0.92306,             0.85747,             0.93929,             0.66544,            0.030492,            0.021872,           0.0030353,            0.005215,            0.005215,            0.005215
                 147,            0.034465,            0.038905,           0.0053517,             0.84541,             0.91346,             0.93457,             0.68564,            0.030485,            0.021749,           0.0030185,            0.005182,            0.005182,            0.005182
                 148,            0.035988,            0.040704,           0.0057185,             0.87838,             0.88517,             0.93584,             0.68164,            0.029909,            0.021399,           0.0029761,            0.005149,            0.005149,            0.005149
                 149,            0.035199,            0.043291,           0.0060423,             0.87411,             0.89437,             0.93648,             0.66903,            0.030536,            0.021464,           0.0029573,            0.005116,            0.005116,            0.005116
                 150,            0.034758,            0.041611,           0.0059397,              0.8911,             0.89085,             0.94299,              0.6933,             0.02931,             0.02085,           0.0029088,            0.005083,            0.005083,            0.005083
                 151,            0.034146,            0.038257,            0.005753,              0.8796,             0.89326,             0.93762,             0.68737,            0.030447,            0.020926,           0.0028828,             0.00505,             0.00505,             0.00505
                 152,            0.036243,             0.04089,           0.0059965,             0.85528,              0.8992,             0.93543,             0.69395,            0.031289,            0.021161,           0.0028781,            0.005017,            0.005017,            0.005017
                 153,            0.034764,            0.039522,           0.0060564,             0.91571,             0.88506,              0.9426,             0.70023,            0.029667,             0.02098,           0.0028701,            0.004984,            0.004984,            0.004984
                 154,            0.035291,            0.037736,            0.005699,             0.84404,               0.946,              0.9516,             0.70469,            0.029329,            0.021092,           0.0028725,            0.004951,            0.004951,            0.004951
                 155,            0.034014,            0.039043,           0.0048691,             0.89292,             0.89927,             0.94718,             0.68273,            0.029837,            0.020922,           0.0028423,            0.004918,            0.004918,            0.004918
                 156,            0.032866,            0.036166,            0.004975,             0.91672,              0.8861,             0.95015,             0.71032,            0.028813,            0.020811,           0.0028367,            0.004885,            0.004885,            0.004885
                 157,            0.033364,            0.039779,           0.0051671,             0.90175,             0.90039,             0.95087,             0.69906,            0.029787,            0.020892,             0.00283,            0.004852,            0.004852,            0.004852
                 158,            0.033382,            0.038046,           0.0056457,             0.89881,             0.89683,             0.95319,             0.69571,            0.029389,            0.020749,           0.0028225,            0.004819,            0.004819,            0.004819
                 159,            0.035562,            0.040692,           0.0059491,             0.91833,             0.90059,             0.95203,             0.70358,             0.02916,            0.020599,            0.002818,            0.004786,            0.004786,            0.004786
                 160,            0.035065,             0.04217,           0.0060491,             0.85125,             0.93611,             0.95072,             0.68327,            0.029984,             0.02056,           0.0028191,            0.004753,            0.004753,            0.004753
                 161,            0.033703,            0.034691,           0.0053657,              0.8741,             0.92881,             0.94744,             0.68797,            0.030697,            0.020619,           0.0028432,             0.00472,             0.00472,             0.00472
                 162,            0.034854,            0.036018,           0.0052951,             0.89373,             0.92027,             0.95085,             0.67657,            0.030961,            0.020954,           0.0028626,            0.004687,            0.004687,            0.004687
                 163,            0.034298,            0.038274,           0.0056319,             0.92745,             0.88899,             0.94545,              0.6868,            0.030532,            0.020723,           0.0028826,            0.004654,            0.004654,            0.004654
                 164,            0.035146,            0.036691,           0.0050176,             0.85566,              0.9318,             0.94373,             0.68341,            0.030347,            0.020739,           0.0028907,            0.004621,            0.004621,            0.004621
                 165,            0.034993,            0.042931,            0.006062,              0.9171,             0.88309,             0.94672,             0.68667,            0.029522,            0.020762,           0.0029048,            0.004588,            0.004588,            0.004588
                 166,            0.034677,            0.036371,             0.00645,             0.91025,             0.89824,             0.95264,             0.69532,            0.030426,            0.020801,           0.0029351,            0.004555,            0.004555,            0.004555
                 167,            0.033574,            0.035427,           0.0055977,             0.91546,             0.89857,             0.95173,             0.68537,            0.029092,            0.020695,            0.002957,            0.004522,            0.004522,            0.004522
                 168,            0.034062,            0.037884,           0.0053606,             0.92439,              0.8925,             0.95445,             0.69984,            0.028149,            0.020361,           0.0029649,            0.004489,            0.004489,            0.004489
                 169,            0.035055,             0.04133,           0.0056109,              0.9277,             0.89359,             0.95377,             0.68777,            0.029668,            0.020413,           0.0029394,            0.004456,            0.004456,            0.004456
                 170,            0.033197,            0.038785,           0.0053489,             0.93805,             0.88315,             0.95679,             0.70469,            0.027617,            0.020146,           0.0029109,            0.004423,            0.004423,            0.004423
                 171,             0.03211,            0.037609,           0.0047468,             0.88762,             0.93024,              0.9559,             0.71583,            0.027273,             0.02004,           0.0028351,             0.00439,             0.00439,             0.00439
                 172,            0.033531,            0.041898,           0.0055739,             0.87924,              0.9272,             0.95009,             0.70752,            0.028406,            0.019973,           0.0027691,            0.004357,            0.004357,            0.004357
                 173,            0.032214,            0.037087,           0.0051642,             0.88114,             0.92862,             0.95561,             0.71029,            0.027709,            0.019732,            0.002735,            0.004324,            0.004324,            0.004324
                 174,            0.032501,            0.034875,           0.0049608,             0.90088,             0.92265,             0.95555,              0.7077,            0.028853,            0.019921,           0.0027178,            0.004291,            0.004291,            0.004291
                 175,            0.033493,             0.03577,           0.0054292,             0.89656,             0.92546,             0.95667,             0.71145,            0.028278,            0.019874,           0.0027383,            0.004258,            0.004258,            0.004258
                 176,            0.035379,            0.036252,           0.0054289,             0.88784,             0.93619,             0.96002,                0.72,            0.027629,            0.019872,           0.0027647,            0.004225,            0.004225,            0.004225
                 177,            0.033112,             0.03714,           0.0051737,             0.87845,             0.93524,              0.9541,             0.67327,            0.030648,             0.02022,           0.0028013,            0.004192,            0.004192,            0.004192
                 178,            0.035895,            0.039859,           0.0057439,             0.86627,             0.92324,             0.94293,             0.70282,            0.028572,              0.0203,            0.002842,            0.004159,            0.004159,            0.004159
                 179,            0.034209,            0.036182,           0.0056078,              0.8788,             0.92084,             0.94611,              0.6874,             0.02889,            0.020467,           0.0028732,            0.004126,            0.004126,            0.004126
                 180,            0.033338,            0.038924,           0.0047739,             0.89732,             0.91814,             0.95275,             0.70384,            0.027644,            0.019665,           0.0028191,            0.004093,            0.004093,            0.004093
                 181,            0.032114,            0.035276,           0.0049925,             0.91701,             0.89779,              0.9532,             0.71898,            0.027399,            0.019431,           0.0028086,             0.00406,             0.00406,             0.00406
                 182,            0.032945,            0.036468,           0.0058453,             0.89912,              0.9099,             0.95256,             0.71929,            0.028309,            0.019734,           0.0028004,            0.004027,            0.004027,            0.004027
                 183,            0.032045,            0.038365,           0.0051486,             0.88047,             0.93636,             0.95475,             0.72613,            0.027172,            0.019531,           0.0027959,            0.003994,            0.003994,            0.003994
                 184,            0.031934,            0.035164,           0.0049684,             0.87939,             0.93363,             0.95134,             0.72823,            0.026715,            0.019425,           0.0027921,            0.003961,            0.003961,            0.003961
                 185,             0.03257,            0.035002,           0.0056713,             0.88047,             0.93083,             0.95517,             0.71872,            0.027471,            0.019383,           0.0027814,            0.003928,            0.003928,            0.003928
                 186,            0.031977,            0.034944,           0.0055559,              0.8854,             0.93458,             0.95549,             0.72836,            0.026731,            0.019286,           0.0027899,            0.003895,            0.003895,            0.003895
                 187,            0.031573,            0.032459,           0.0047844,             0.91747,             0.91303,             0.95415,              0.7229,            0.026774,            0.019252,           0.0027839,            0.003862,            0.003862,            0.003862
                 188,            0.033146,            0.036407,           0.0050042,             0.92185,             0.90847,             0.95327,             0.72843,            0.026866,            0.019257,           0.0027872,            0.003829,            0.003829,            0.003829
                 189,            0.032356,            0.034608,           0.0052667,             0.92479,             0.90221,             0.95136,             0.73504,            0.026247,            0.019184,           0.0027575,            0.003796,            0.003796,            0.003796
                 190,            0.031266,            0.039866,            0.004721,             0.93655,             0.89871,              0.9496,             0.73092,            0.026905,            0.019286,           0.0027115,            0.003763,            0.003763,            0.003763
                 191,            0.033982,            0.038164,           0.0048121,             0.91532,             0.91344,             0.94994,              0.7361,            0.026895,            0.019248,           0.0026715,             0.00373,             0.00373,             0.00373
                 192,            0.032022,            0.037769,            0.005272,             0.92835,             0.90618,             0.95045,             0.73239,            0.027267,            0.019324,           0.0026588,            0.003697,            0.003697,            0.003697
                 193,             0.03332,            0.035253,           0.0057029,             0.92772,             0.90967,             0.95483,             0.74207,            0.026304,            0.019163,           0.0026561,            0.003664,            0.003664,            0.003664
                 194,            0.032201,            0.037344,           0.0050766,             0.93647,             0.89295,             0.95168,             0.73814,            0.026266,             0.01911,           0.0026472,            0.003631,            0.003631,            0.003631
                 195,            0.032167,            0.039297,           0.0048161,              0.9289,             0.90588,             0.95506,             0.72712,            0.026957,            0.019091,           0.0026405,            0.003598,            0.003598,            0.003598
                 196,            0.030855,            0.034407,           0.0046281,             0.93279,             0.91188,             0.95593,             0.73684,            0.026107,            0.018894,           0.0026152,            0.003565,            0.003565,            0.003565
                 197,            0.029358,            0.033105,           0.0044037,             0.92094,             0.92256,              0.9579,             0.73741,            0.026172,            0.018987,           0.0025649,            0.003532,            0.003532,            0.003532
                 198,            0.032249,            0.036395,           0.0053008,             0.92899,             0.90668,              0.9556,             0.72651,            0.027159,            0.019032,           0.0025285,            0.003499,            0.003499,            0.003499
                 199,            0.031638,            0.034779,            0.004554,             0.94024,             0.90721,             0.95767,              0.7416,            0.026381,            0.018767,           0.0024994,            0.003466,            0.003466,            0.003466
                 200,             0.03046,            0.035269,           0.0044431,             0.93395,              0.8996,             0.95727,             0.73836,            0.025866,            0.018764,           0.0024869,            0.003433,            0.003433,            0.003433
                 201,            0.031133,            0.037134,           0.0043938,             0.94052,              0.9018,             0.95463,             0.74233,            0.025626,            0.018494,           0.0024928,              0.0034,              0.0034,              0.0034
                 202,            0.029888,            0.032603,           0.0044451,             0.92899,             0.89905,             0.94818,             0.74081,            0.026048,             0.01851,           0.0024986,            0.003367,            0.003367,            0.003367
                 203,            0.030913,            0.032979,            0.004245,             0.93238,             0.90385,             0.95342,              0.7428,            0.025491,            0.018378,           0.0025135,            0.003334,            0.003334,            0.003334
                 204,            0.030566,             0.03409,           0.0045929,             0.92917,             0.90031,             0.95353,             0.74714,            0.024951,            0.018216,           0.0025172,            0.003301,            0.003301,            0.003301
                 205,            0.030686,            0.038872,           0.0048861,             0.91314,             0.92068,             0.95568,              0.7387,            0.025799,            0.018265,           0.0025248,            0.003268,            0.003268,            0.003268
                 206,            0.033878,            0.040636,           0.0048282,             0.92419,             0.91491,             0.95833,             0.73622,            0.026333,            0.018307,           0.0025012,            0.003235,            0.003235,            0.003235
                 207,            0.030143,            0.036373,           0.0042695,             0.93718,             0.91063,             0.95766,             0.75302,            0.024878,            0.018107,           0.0024574,            0.003202,            0.003202,            0.003202
                 208,             0.03082,            0.036312,            0.004603,             0.94032,             0.91324,             0.96014,             0.74361,             0.02643,            0.018396,           0.0024433,            0.003169,            0.003169,            0.003169
                 209,            0.032279,            0.038195,           0.0049426,             0.94055,             0.91982,             0.96264,             0.75849,            0.025061,            0.018143,           0.0024327,            0.003136,            0.003136,            0.003136
                 210,            0.031103,            0.037187,           0.0045223,             0.94125,             0.91355,             0.96157,             0.75617,            0.025503,             0.01833,           0.0024259,            0.003103,            0.003103,            0.003103
                 211,            0.029486,            0.035499,           0.0042759,             0.95308,             0.90329,             0.96017,             0.75689,            0.025281,            0.018148,           0.0024196,             0.00307,             0.00307,             0.00307
                 212,            0.029385,            0.035711,           0.0043748,             0.92482,              0.9175,             0.95873,               0.761,            0.024863,            0.018063,           0.0024216,            0.003037,            0.003037,            0.003037
                 213,            0.027892,            0.034533,           0.0044791,             0.93126,             0.91017,             0.95776,             0.77085,            0.024326,            0.017904,           0.0024141,            0.003004,            0.003004,            0.003004
                 214,            0.028677,            0.034243,           0.0040064,             0.92564,             0.92152,             0.96417,             0.76526,              0.0245,            0.017802,            0.002413,            0.002971,            0.002971,            0.002971
                 215,            0.028811,            0.031759,           0.0045493,             0.94292,             0.90555,              0.9658,             0.76392,             0.02437,            0.017621,           0.0024183,            0.002938,            0.002938,            0.002938
                 216,            0.030137,            0.035857,           0.0047046,             0.92981,             0.91331,             0.96872,             0.76249,            0.024723,             0.01758,           0.0024045,            0.002905,            0.002905,            0.002905
                 217,            0.029106,            0.036096,           0.0048134,             0.93838,             0.90348,             0.96538,             0.76633,            0.024238,            0.017612,           0.0023926,            0.002872,            0.002872,            0.002872
                 218,             0.02972,            0.034686,           0.0044384,             0.93095,             0.91032,             0.96343,             0.76416,            0.024029,            0.017434,            0.002381,            0.002839,            0.002839,            0.002839
                 219,            0.026617,             0.03334,           0.0042646,             0.92482,               0.915,             0.96251,             0.75935,            0.024129,            0.017291,            0.002365,            0.002806,            0.002806,            0.002806
                 220,            0.029771,            0.038208,           0.0049853,             0.93383,             0.91058,              0.9637,             0.75316,            0.024626,            0.017553,           0.0023534,            0.002773,            0.002773,            0.002773
                 221,            0.029275,            0.036316,              0.0043,             0.94305,             0.90923,             0.96684,              0.7542,            0.025709,            0.017686,           0.0023454,             0.00274,             0.00274,             0.00274
                 222,            0.031576,            0.034412,           0.0043323,             0.93708,             0.91043,              0.9648,             0.75537,            0.025748,            0.017765,           0.0023444,            0.002707,            0.002707,            0.002707
                 223,            0.028891,            0.033406,           0.0044723,             0.87868,             0.95464,             0.96314,              0.7751,              0.0242,            0.017556,           0.0023396,            0.002674,            0.002674,            0.002674
                 224,            0.029378,            0.033636,           0.0043305,             0.88494,             0.95479,             0.96376,             0.76579,            0.024834,            0.017588,           0.0023324,            0.002641,            0.002641,            0.002641
                 225,            0.029404,            0.034731,            0.004582,             0.88516,             0.95531,              0.9626,             0.78029,            0.023726,            0.017396,           0.0023173,            0.002608,            0.002608,            0.002608
                 226,            0.027743,            0.033911,           0.0039088,             0.88452,             0.95844,             0.96447,             0.78097,            0.023554,            0.017426,           0.0023037,            0.002575,            0.002575,            0.002575
                 227,            0.028737,            0.033764,           0.0043577,             0.94741,             0.90565,             0.96393,             0.78369,            0.023112,            0.017197,           0.0023052,            0.002542,            0.002542,            0.002542
                 228,            0.028673,            0.033625,           0.0043009,             0.87899,             0.95378,             0.96258,             0.78221,            0.023241,            0.017137,           0.0023064,            0.002509,            0.002509,            0.002509
                 229,            0.028688,            0.035309,            0.004171,             0.88242,             0.95125,             0.96175,             0.77524,            0.023351,            0.017178,           0.0023036,            0.002476,            0.002476,            0.002476
                 230,            0.029027,             0.03445,           0.0042412,             0.88792,             0.94934,             0.96231,             0.76559,            0.024193,            0.017241,            0.002299,            0.002443,            0.002443,            0.002443
                 231,            0.028526,            0.035596,           0.0040734,              0.8905,              0.9486,             0.96284,             0.76827,            0.023203,            0.016984,           0.0022888,             0.00241,             0.00241,             0.00241
                 232,            0.028943,            0.032018,           0.0045663,             0.89199,             0.94998,             0.96429,             0.75909,            0.023885,            0.017178,           0.0022693,            0.002377,            0.002377,            0.002377
                 233,            0.029591,            0.032053,           0.0039214,             0.89285,              0.9463,              0.9618,             0.76329,            0.023571,            0.017076,           0.0022542,            0.002344,            0.002344,            0.002344
                 234,            0.026884,            0.033731,           0.0037074,             0.89141,             0.94733,             0.95621,             0.75566,            0.023579,            0.017051,           0.0022456,            0.002311,            0.002311,            0.002311
                 235,            0.028994,            0.035503,           0.0043902,              0.8885,             0.94912,             0.95625,              0.7631,             0.02357,            0.017139,           0.0022383,            0.002278,            0.002278,            0.002278
                 236,            0.029458,            0.037416,           0.0038809,             0.89008,             0.94798,             0.96307,              0.7688,            0.023213,            0.017108,           0.0022316,            0.002245,            0.002245,            0.002245
                 237,            0.027869,            0.031686,           0.0043694,              0.8895,              0.9491,             0.96063,             0.77781,            0.023028,            0.017214,           0.0022374,            0.002212,            0.002212,            0.002212
                 238,            0.030115,            0.036207,           0.0045218,             0.89627,             0.95313,             0.96463,             0.76514,            0.024223,            0.017555,           0.0022414,            0.002179,            0.002179,            0.002179
                 239,            0.029045,            0.032131,           0.0037593,             0.88879,             0.94713,               0.958,             0.76446,            0.024204,            0.017546,           0.0022268,            0.002146,            0.002146,            0.002146
                 240,            0.029602,            0.033685,           0.0042041,             0.93744,              0.9148,             0.96236,             0.77823,            0.023317,            0.017249,            0.002213,            0.002113,            0.002113,            0.002113
                 241,            0.028783,            0.039498,           0.0042288,             0.93654,              0.9165,              0.9649,             0.77189,            0.022911,            0.017148,           0.0022012,             0.00208,             0.00208,             0.00208
                 242,            0.028348,            0.035278,           0.0039959,              0.9412,             0.91825,              0.9659,             0.78219,            0.023159,            0.017188,           0.0021898,            0.002047,            0.002047,            0.002047
                 243,            0.027422,            0.033244,           0.0040536,             0.93993,             0.91067,             0.96418,               0.784,            0.023024,            0.017074,           0.0021711,            0.002014,            0.002014,            0.002014
                 244,            0.027348,            0.032645,           0.0042101,              0.9392,              0.9149,             0.96619,             0.78256,             0.02309,            0.016978,           0.0021623,            0.001981,            0.001981,            0.001981
                 245,            0.027708,            0.033154,           0.0039423,             0.94204,             0.90989,             0.96488,             0.79111,            0.022683,            0.016832,           0.0021645,            0.001948,            0.001948,            0.001948
                 246,            0.028114,            0.034206,           0.0035838,             0.92687,             0.92489,             0.96593,             0.78942,            0.022728,            0.016818,           0.0021606,            0.001915,            0.001915,            0.001915
                 247,            0.027731,             0.03541,           0.0040227,             0.87544,             0.96435,             0.96761,              0.7957,            0.022482,            0.016676,           0.0021491,            0.001882,            0.001882,            0.001882
                 248,            0.027406,            0.034416,           0.0041604,             0.88325,             0.95948,             0.96528,             0.79218,            0.022419,            0.016611,           0.0021437,            0.001849,            0.001849,            0.001849
                 249,            0.026686,            0.033333,           0.0036975,             0.89096,             0.95896,             0.96463,             0.79954,             0.02228,            0.016534,            0.002133,            0.001816,            0.001816,            0.001816
                 250,            0.027775,            0.033538,           0.0040412,              0.8918,             0.95695,              0.9671,              0.7948,            0.022581,            0.016532,           0.0021169,            0.001783,            0.001783,            0.001783
                 251,            0.028555,             0.03205,           0.0038379,             0.89508,             0.95737,             0.96608,             0.78522,            0.022807,            0.016659,           0.0021062,             0.00175,             0.00175,             0.00175
                 252,            0.028955,            0.030115,           0.0037203,             0.89727,             0.95531,             0.96639,             0.79987,             0.02222,            0.016572,           0.0020992,            0.001717,            0.001717,            0.001717
                 253,            0.028337,            0.033202,           0.0039966,             0.89845,             0.95573,             0.96658,              0.7856,            0.022794,            0.016669,           0.0021032,            0.001684,            0.001684,            0.001684
                 254,            0.029363,            0.034629,           0.0042291,             0.89992,              0.9525,             0.96425,             0.79226,             0.02281,            0.016791,           0.0021043,            0.001651,            0.001651,            0.001651
                 255,            0.027913,             0.03143,           0.0035076,             0.90104,             0.95455,             0.96623,             0.80047,             0.02237,            0.016574,           0.0021028,            0.001618,            0.001618,            0.001618
                 256,            0.025747,            0.032339,           0.0033583,             0.90355,             0.95048,             0.96459,              0.8051,            0.022042,            0.016434,           0.0020943,            0.001585,            0.001585,            0.001585
                 257,            0.027033,            0.029104,           0.0038558,             0.90481,             0.94926,             0.96849,             0.80268,            0.022012,            0.016416,           0.0020908,            0.001552,            0.001552,            0.001552
                 258,             0.02639,            0.029903,           0.0041227,             0.90452,             0.95399,             0.96998,              0.7986,            0.022112,             0.01645,           0.0020832,            0.001519,            0.001519,            0.001519
                 259,            0.028857,             0.03583,           0.0039699,             0.89984,             0.95538,             0.96897,             0.79742,            0.021993,            0.016347,           0.0020785,            0.001486,            0.001486,            0.001486
                 260,            0.026081,            0.030419,           0.0032143,             0.89932,              0.9562,             0.96878,             0.80257,            0.021879,            0.016291,           0.0020758,            0.001453,            0.001453,            0.001453
                 261,            0.026152,            0.030063,            0.003667,             0.89661,             0.95774,             0.96891,             0.80016,            0.021904,            0.016328,           0.0020712,             0.00142,             0.00142,             0.00142
                 262,            0.026694,            0.031582,           0.0041671,             0.89729,             0.95862,             0.96907,              0.7979,            0.021834,            0.016282,           0.0020597,            0.001387,            0.001387,            0.001387
                 263,            0.026691,            0.032088,           0.0040854,             0.89271,             0.95738,             0.96945,             0.79207,            0.022472,             0.01638,           0.0020524,            0.001354,            0.001354,            0.001354
                 264,            0.026872,            0.031161,           0.0037475,             0.88817,             0.95756,             0.96615,             0.79779,            0.021836,            0.016161,            0.002044,            0.001321,            0.001321,            0.001321
                 265,            0.027561,            0.033067,           0.0039617,             0.94953,             0.91173,             0.96854,             0.79765,            0.021848,            0.016219,           0.0020383,            0.001288,            0.001288,            0.001288
                 266,            0.028501,            0.033025,           0.0044159,             0.94085,              0.9208,             0.96872,             0.80188,            0.021603,            0.016167,           0.0020298,            0.001255,            0.001255,            0.001255
                 267,            0.027614,            0.030537,           0.0038378,             0.93946,             0.92144,             0.96908,             0.79527,            0.021948,            0.016167,            0.002026,            0.001222,            0.001222,            0.001222
                 268,            0.026019,            0.031271,           0.0038333,              0.9321,             0.92415,             0.96745,              0.7953,            0.021818,            0.016143,           0.0020236,            0.001189,            0.001189,            0.001189
                 269,             0.02643,            0.035248,           0.0038363,              0.8866,             0.96266,             0.96764,              0.8021,            0.021632,            0.016055,           0.0020241,            0.001156,            0.001156,            0.001156
                 270,            0.027023,            0.032967,            0.003687,             0.88626,             0.96251,             0.96794,             0.80507,            0.021618,            0.016057,           0.0020168,            0.001123,            0.001123,            0.001123
                 271,            0.026413,            0.031766,           0.0034464,             0.94899,             0.91151,             0.96635,             0.81116,            0.021356,            0.015987,           0.0020089,             0.00109,             0.00109,             0.00109
                 272,             0.02788,            0.030365,           0.0038119,             0.93643,             0.92503,               0.967,             0.80897,            0.021349,            0.015988,           0.0020021,            0.001057,            0.001057,            0.001057
                 273,            0.024555,            0.031989,           0.0030785,             0.93567,             0.92518,              0.9675,             0.80924,            0.021258,            0.016007,           0.0019961,            0.001024,            0.001024,            0.001024
                 274,            0.025306,            0.030527,           0.0036453,             0.92853,             0.93036,             0.96754,             0.81035,            0.021221,            0.015963,           0.0019882,            0.000991,            0.000991,            0.000991
                 275,            0.026439,             0.03347,           0.0035889,             0.88433,             0.96001,             0.96688,             0.80941,             0.02119,            0.015919,           0.0019844,            0.000958,            0.000958,            0.000958
                 276,            0.025681,            0.026957,           0.0036833,             0.93182,             0.92293,             0.96674,             0.81015,             0.02114,            0.015924,           0.0019783,            0.000925,            0.000925,            0.000925
                 277,            0.026054,            0.030483,           0.0034156,              0.8847,             0.95959,             0.96644,             0.80864,            0.021134,             0.01593,           0.0019718,            0.000892,            0.000892,            0.000892
                 278,            0.026223,            0.032577,           0.0037749,             0.88826,             0.95933,              0.9664,             0.81249,            0.021032,            0.015875,           0.0019649,            0.000859,            0.000859,            0.000859
                 279,             0.02661,            0.033816,           0.0043152,             0.89135,              0.9614,             0.96764,             0.81552,             0.02093,             0.01579,           0.0019574,            0.000826,            0.000826,            0.000826
                 280,            0.025892,            0.029318,           0.0037007,             0.89104,             0.96108,             0.96891,             0.81608,            0.020958,            0.015758,           0.0019492,            0.000793,            0.000793,            0.000793
                 281,            0.026817,            0.031201,           0.0039338,             0.88967,             0.96141,             0.96854,             0.81421,            0.020965,            0.015753,           0.0019447,             0.00076,             0.00076,             0.00076
                 282,            0.026264,            0.033094,           0.0033829,             0.89198,             0.95998,             0.96863,             0.81609,            0.020864,             0.01571,           0.0019409,            0.000727,            0.000727,            0.000727
                 283,            0.026408,            0.034755,           0.0039604,                0.89,             0.95899,             0.96757,             0.81226,            0.020875,            0.015699,           0.0019385,            0.000694,            0.000694,            0.000694
                 284,            0.026811,            0.027595,            0.003745,             0.93942,             0.92115,             0.96748,             0.81561,            0.020869,            0.015683,           0.0019351,            0.000661,            0.000661,            0.000661
                 285,            0.026884,            0.034423,           0.0036298,             0.88624,             0.95695,              0.9659,             0.81576,            0.020899,            0.015693,           0.0019323,            0.000628,            0.000628,            0.000628
                 286,            0.025111,            0.029938,           0.0033602,             0.89042,             0.96056,             0.96746,             0.81492,             0.02087,             0.01563,            0.001927,            0.000595,            0.000595,            0.000595
                 287,            0.026246,            0.027512,           0.0036338,             0.89025,             0.96016,             0.96748,             0.81903,            0.020748,            0.015602,           0.0019267,            0.000562,            0.000562,            0.000562
                 288,            0.025939,            0.031518,            0.003795,             0.89168,             0.95953,             0.96781,             0.82374,            0.020693,            0.015561,           0.0019245,            0.000529,            0.000529,            0.000529
                 289,            0.024336,            0.029644,           0.0031136,             0.89344,             0.95958,              0.9685,             0.82235,            0.020696,            0.015535,           0.0019226,            0.000496,            0.000496,            0.000496
                 290,            0.024673,            0.027647,           0.0034359,             0.89426,             0.95864,             0.96803,             0.82232,            0.020558,            0.015482,           0.0019215,            0.000463,            0.000463,            0.000463
                 291,            0.025351,            0.029638,           0.0033355,             0.89486,              0.9587,              0.9683,             0.82308,            0.020492,             0.01545,           0.0019169,             0.00043,             0.00043,             0.00043
                 292,            0.027465,            0.033198,           0.0041441,             0.89681,              0.9581,             0.96804,             0.82625,            0.020461,             0.01543,           0.0019133,            0.000397,            0.000397,            0.000397
                 293,            0.025941,            0.033545,           0.0036389,             0.89827,             0.95759,             0.96838,             0.82613,            0.020433,            0.015391,           0.0019124,            0.000364,            0.000364,            0.000364
                 294,            0.025661,            0.028493,           0.0039044,             0.89827,             0.95744,             0.96835,             0.82629,            0.020459,            0.015392,           0.0019093,            0.000331,            0.000331,            0.000331
                 295,             0.02543,            0.029197,           0.0039768,             0.89717,             0.95843,             0.96838,             0.82735,            0.020484,            0.015389,           0.0019082,            0.000298,            0.000298,            0.000298
                 296,            0.024343,            0.026787,            0.004104,             0.89611,              0.9592,              0.9683,             0.82519,            0.020444,            0.015385,           0.0019056,            0.000265,            0.000265,            0.000265
                 297,            0.024879,            0.031195,           0.0036146,             0.89818,             0.95846,             0.96843,             0.82181,            0.020382,            0.015359,           0.0019018,            0.000232,            0.000232,            0.000232
                 298,            0.023863,            0.028241,           0.0037387,             0.89721,             0.95891,             0.96863,             0.82349,            0.020339,            0.015318,           0.0018987,            0.000199,            0.000199,            0.000199
                 299,            0.025358,            0.029779,           0.0037921,             0.94643,             0.92009,             0.96834,             0.82684,            0.020349,            0.015321,           0.0018973,            0.000166,            0.000166,            0.000166
